Agency,Mode VOMS,Diesel (gal),Gasoline (gal),Liquefied Petroleum Gas (gal equivalent),Compressed Natural Gas (gal equivalent),Other Fuel (gal/gal equivalent),Electric Propulsion (kWh),Electric Battery (kWh),,,
"Academy Lines, Inc.",134,668954,0,0,0,0,0,0,,,
Access Services,719,0,1561466,0,53117,0,0,0,,,
"Ada County Highway District, dba: ACHD Commuteride",81,0,93089,0,0,0,0,0,,,
"Adirondack Transit Lines, Inc,",13,217501,0,0,0,0,0,0,,,
Alameda-Contra Costa Transit District,546,4255432,530042,0,0,82307,0,297587,,10019,
Alamo Area Council of Governments,45,0,258554,0,0,0,0,0,,,
Alaska Railroad Corporation,60,863824,0,0,0,0,0,0,,,
Altamont Corridor Express,27,480481,0,0,0,0,0,0,,,
Alternativa de Transporte Integrado -ATI,57,288655,0,0,0,0,5373722,0,,,
"Altoona Metro Transit, dba: AMTRAN",33,5240,7274,0,165175,0,0,0,,,
"Ames Transit Agency, dba: CyRide",58,312219,13015,0,0,0,0,0,,,
Anaheim Transportation Network,47,0,0,0,34639,0,0,1781838,,,
Ann Arbor Area Transportation Authority,227,816866,128293,0,0,0,0,0,,,
Anne Arundel County,31,0,242387,0,0,0,0,0,,,
Antelope Valley Transit Authority,88,1992755,32178,0,0,0,0,7299840,,,
"Arlington County, Virginia, dba: Arlington Transit",71,0,19229,0,725362,0,0,0,,,
"Athens-Clarke County Unified Government, dba: Athens-Clarke County Transit Department",19,182598,20549,0,0,0,0,0,,,
Atlanta-Region Transit Link Authority,239,566429,137352,0,0,0,0,0,,,
"Audubon Area Community Services, Inc.",44,0,183156,0,0,0,0,0,,,
Augusta Richmond County Transit Department,19,135433,0,0,0,0,0,0,,,
"Baldwin County Commission, dba: Baldwin Regional Area Transit System",30,0,134134,0,0,0,0,0,,,
"Bay County Transportation Planning Organization, dba: Bayway",26,91516,57503,0,0,0,0,0,,,
Bay Metropolitan Transit Authority,50,148508,0,13162,0,0,0,0,,,
"Bay State LLC, dba: Bay State Cruise Company",3,276933,0,0,0,0,0,0,,,
Beaver County Transit Authority,30,36072,70879,0,131916,0,0,0,,,
Ben Franklin Transit,268,678312,368844,0,0,0,0,0,,,
"Bergen County, dba: Bergen County Community Transportation",47,0,88760,0,0,0,0,0,,,
Berkshire Regional Transit Authority,27,55215,100503,0,0,0,0,0,,,
"Bi-State Development Agency of the Missouri-Illinois Metropolitan District, dba: (St. Louis) Metro",465,0,107222,0,0,0,34571565,1520640,,,
Birmingham-Jefferson County Transit Authority,94,2455,20023,0,748036,0,0,0,,,
Bloomington Public Transportation Corporation,31,220715,23485,0,0,0,0,87966,,,
Bloomington-Normal Public Transit System,45,0,67825,13050,0,0,0,47520,,,
"Blue Water Area Transportation Commission, dba: Blue Water Area Transit",207,77381,1579,0,309071,0,0,50955,,,
"Board of  Clermont County Commissioners, dba: Clermont Transportation Connection",36,5876,93298,0,0,0,0,0,,,
"Board of County Commissioners of St. Lucie County, dba: Area Regional Transit - ART",44,131109,84538,0,0,0,0,0,,,
"Board of County Commissioners, Palm Beach County, dba: Palm Tran, Inc.",359,1828524,956927,0,0,271788,0,0,,,
"Borough of Pottstown, dba: Pottstown Area Rapid Transit",6,58516,3220,0,0,0,0,0,,,
Brazos Transit District,65,103873,217847,0,0,0,0,0,,,
"Brevard Board of County Commissioners, dba: Space Coast Area Transit",86,510625,74225,0,0,0,0,0,,,
Brockton Area Transit Authority,82,250845,68400,0,0,0,0,0,,,
"Broome County, dba: Department of Transportation/BC Transit",50,251939,55561,0,0,0,0,0,,,
"Broward County Board of County Commissioners, dba: Broward County Transit Division",509,4042687,563087,785061,0,0,0,0,,,
"Buncombe County, dba: Mountain Mobility",27,0,84508,6506,4173,0,0,0,,,
Butler County Regional Transit Authority,36,53158,117856,0,0,0,0,0,,,
Butte County Association of Governments,36,209877,52161,0,6478,0,0,0,,,
Cache Valley Transit District,28,209231,22126,0,0,0,0,0,,,
"California Vanpool Authority, dba: CalVans",758,0,888006,0,0,0,0,0,,,
Cambria County Transit Authority,46,93289,36854,0,176160,0,42283,0,,,
Cape Ann Transportation Authority,20,58091,45020,0,0,0,0,0,,,
Cape Cod Regional Transit Authority,133,151836,205202,0,0,0,0,0,,,
"Cape Fear Public Transportation Authority, dba: Wave Transit",43,24233,58369,0,239154,0,0,0,,,
Cape May Lewes Ferry,3,870031,0,0,0,0,0,0,,,
Capital Area Transit System,66,697395,93634,0,0,0,0,914,,,
Capital Area Transportation Authority,163,722549,310499,0,0,0,0,0,,,
Capital District Transportation Authority,323,2149462,424873,0,0,0,0,27415,,,
"Capital Metropolitan Transportation Authority, dba: Capital Metro",629,4531984,596741,0,0,0,0,442421,,,
Casco Bay Island Transit District,4,258519,0,0,0,0,0,0,,,
"Central Contra Costa Transit Authority, dba: COUNTY CONNECTION",118,589352,103899,0,0,0,0,185446,,,
Central County Transportation Authority,66,340839,63293,0,0,0,0,0,,,
"Central Florida Commuter Rail, dba: SunRail",23,1185090,0,0,0,0,0,0,,,
Central Florida Regional Transportation Authority,550,1736508,1148925,0,2448176,0,0,10456,,,
Central Indiana Regional Transportation Authority,34,23700,40175,0,0,0,0,0,,,
"Central Midlands Regional Transportation Authority, dba: The COMET",142,0,32789,448194,0,0,0,0,,,
"Central New York Regional Transportation Authority, dba: New York Regional Transportation Authority",214,363055,199309,0,752372,0,0,0,,,
Central Ohio Transit Authority,274,686110,104286,0,3129891,0,0,53430,,,
"Central Oklahoma Transportation and Parking Authority, dba: EMBARK",72,431359,4389,0,427223,0,1594300,56533,,,
Central Oregon Intergovernmental Council,41,72213,60376,0,0,0,0,0,,,
Central Pennsylvania Transportation Authority,352,83863,888378,0,286795,0,0,0,,,
"Central Puget Sound Regional Transit Authority, dba: Sound Transit",321,2724801,0,0,356918,0,40242833,0,,,
Centre Area Transportation Authority,88,0,50827,0,452565,0,0,0,,,
Champaign-Urbana Mass Transit District,105,3100,54995,0,0,1350,0,0,,,
Charleston Area Regional Transportation Authority,77,453312,91193,0,0,0,0,985280,,,
"Charlotte County Government, dba: Charlotte County Transit Division",17,19241,25376,0,0,0,0,0,,,
Chatham Area Transit Authority,62,43652,100977,0,0,0,0,96600,,,
Chattanooga Area Regional Transportation Authority,86,346388,118953,0,0,0,96320,717100,,,
"Chelan Douglas PTBA , dba: Link Transit",52,139295,158398,0,0,0,0,1065280,,,
Chicago Transit Authority,2180,13403932,0,0,0,0,373727434,302556,,,
Chicago Water Taxi (Wendella),2,1174,0,0,0,0,0,0,,,
Cities Area Transit,22,15036,31632,0,0,0,0,0,,,
"City and County of Honolulu, dba: City & County of Honolulu DTS",683,4582118,1122215,0,0,0,0,450193,,,
"City and County of San Francisco, dba: San Francisco Municipal Transportation Agency",752,3509051,216967,0,0,0,87343650,35385,,,
"City of Albany , dba: Albany Transit System",15,0,1902,0,158099,0,0,0,,,
"City of Albuquerque, dba: ABQRIDE",154,1006053,309825,0,207621,0,0,41205,,,
City of Alexandria,94,585431,22235,0,0,0,0,302500,,,
"City of Appleton, dba: Valley Transit",47,139881,57934,0,0,0,0,0,,,
"City of Arlington, dba: Arlington Transportation",106,6153,84359,0,0,0,0,0,,,
"City of Asheville, dba: ART (Asheville Redefines Transit)",19,221508,0,0,0,0,0,403484,,,
City of Baltimore,21,162583,0,0,0,0,0,0,,,
"City of Beaumont, dba: Beaumont Municipal Transit System",18,22317,0,0,227487,0,0,0,,,
"City of Billings, dba: Metropolitan Transit System",28,109748,31722,0,0,0,0,0,,,
"City of Brownsville , dba: Brownsville Metro",24,191613,33274,0,0,0,0,0,,,
"City of Cedar Rapids, dba: Cedar Rapids Transit",26,200015,18142,0,0,0,0,0,,,
"City of Charlotte North Carolina, dba: Charlotte Area Transit System",289,2282352,36560,0,0,0,15279951,122407,,,
"City of Cincinnati, dba: Cincinnati Bell Connector",4,0,0,0,0,0,1521941,0,,,
"City of Clemson, dba: Clemson Area Transit",18,79003,0,0,0,0,0,388109,,,
"City of Colorado Springs, dba: Mountain Metropolitan Transit",95,496889,108987,0,0,0,0,112671,,,
"City of Columbia, dba: Go COMO",25,0,36477,0,36214,0,0,105910,,,
"City of Commerce, dba: City of Commerce Municipal Buslines",14,0,598,0,132378,0,0,0,,,
"City of Coralville, dba: Coralville Transit System",7,49554,0,0,0,0,0,0,,,
"City of Culver City, dba: Culver City Municipal Bus Lines",39,0,0,0,642723,0,0,41109,,,
City of DeKalb,32,172975,76936,0,0,0,0,0,,,
"City of Decatur, Il, dba: Decatur Public Transit System",23,0,18279,0,0,0,0,0,,,
"City of Detroit , dba: Detroit Department of Transportation",206,2066738,139256,0,0,0,0,17737,,,
"City of Durham, dba: GoDurham",91,552498,118910,0,0,0,0,79831,,,
"City of Eau Claire, dba: Eau Claire Transit",42,127144,21209,0,0,0,0,0,,,
"City of El Paso, dba: Sun Metro",167,0,13261,0,1950845,0,301977,0,,,
"City of Everett, dba: EVERETT TRANSIT",42,228348,60534,0,0,0,0,705874,,,
"City of Fairfax, dba: CUE Bus",8,94852,0,0,0,0,0,0,,,
"City of Fairfield, California, dba: Fairfield and Suisun Transit",33,296704,13996,0,0,0,0,0,,,
"City of Fargo, dba: Metropolitan Area Transit",38,188261,62886,0,0,0,0,0,,,
"City of Fayetteville, dba: Fayetteville Area System of Transit",37,251787,52921,4591,0,0,0,0,,,
"City of Fort Collins, dba: Transfort",48,0,0,20190,341867,0,0,36321,,,
City of Fort Lauderdale,11,12669,33350,3019,0,0,0,0,,,
"City of Fresno, dba: Fresno Area Express",145,0,160447,0,1596288,0,0,46369,,,
"City of Gainesville, FL, dba: Regional Transit System",142,810323,97021,0,0,0,0,49380,,,
"City of Galveston , dba: City of Galveston Island Transit",13,38954,15755,0,0,5143,0,0,,,
"City of Gardena, dba: GTrans",30,0,240109,0,185437,0,0,26885,,,
City of Glendale,59,7304,75117,1895,354288,0,0,0,,,
"City of Green Bay, dba: Green Bay Metro",27,142415,37131,0,0,0,0,0,,,
"City of Greensboro , dba: Greensboro Transit Authority",76,408757,184839,0,0,0,0,901802,,,
"City of Harrisonburg, dba: Harrisonburg Department of Public Transportation",40,157914,28719,0,0,0,0,0,,,
"City of Huntsville, Alabama, dba: Department of Parking & Public Transit",32,157971,76498,0,0,0,0,0,,,
"City of Iowa City, dba: Iowa City Transit",21,170151,0,0,0,0,0,86400,,,
"City of Jackson Transportation Authority, dba: Jackson Area Transportation Authority",18,88847,21726,0,0,0,0,0,,,
"City of Jackson, MS, dba: JTRAN-City of Jackson, MS",28,135287,50027,0,0,0,0,0,,,
"City of Kenosha, dba: Kenosha Area Transit",57,181311,36431,0,0,0,93588,0,,,
"City of Knoxville, dba: Knoxville Area Transit",71,565560,95136,0,0,0,0,209175,,,
City of Kokomo,31,12820,75970,0,0,0,0,0,,,
"City of La Crosse, dba: LaCrosse Municipal Transit Utility",26,156336,8830,0,0,0,0,65780,,,
"City of La Mirada , dba: La Mirada Transit",6,0,9678,0,5427,0,0,0,,,
City of Lawrence,40,62569,128028,0,0,0,0,80859,,,
"City of Lincoln, dba: StarTran",73,55173,22612,0,248974,0,0,247712,,,
City of Long Beach,7,56078,804,0,0,0,0,0,,,
"City of Los Angeles, dba: City of Los Angeles Department of Transportation",363,0,125405,640591,2829807,0,0,513393,,,
"City of Loveland, Colorado, dba: City of Loveland Transit",9,28613,13105,0,10859,0,0,0,,,
"City of Lubbock, dba: CITIBUS",85,349116,106745,0,0,0,0,35741,,,
City of Madison,181,989508,0,0,0,0,0,36465,,,
City of Maple Grove,9,391,32195,0,0,0,0,0,,,
"City of McKinney, dba: Collin County Transit",16,0,10977,0,0,0,0,0,,,
"City of Memphis, dba: Memphis Area Transit Authority",137,1198283,135248,0,0,0,654000,0,,,
City of Milwaukee,3,0,0,0,0,0,855840,0,,,
"City of Mobile, dba: THE WAVE TRANSIT SYSTEM",37,234494,121886,0,0,0,0,0,,,
"City of Montebello, dba: Montebello Bus Lines",87,0,241019,0,394113,0,0,129,,,
"City of Montgomery, dba: The M (Montgomery Area Transit System)",25,34947,161008,0,0,0,0,0,,,
"City of Moorhead, dba: Metropolitan Area Transit",11,90329,4698,0,0,0,0,0,,,
"City of Nashua, dba: Nashua Transit System",14,0,18735,0,90611,0,0,0,,,
"City of Norwalk , dba: Norwalk Transit System",31,0,51338,0,277485,0,0,64418,,,
"City of Pasadena, dba: Pasadena Transit",33,0,31512,0,258854,0,0,0,,,
"City of Peoria , dba: Peoria Transit",6,0,18261,0,0,0,0,0,,,
"City of Petaluma, dba: Petaluma Transit",13,50834,6487,0,0,0,0,0,,,
"City of Phoenix Public Transit Department , dba: Valley Metro",507,1744393,678281,0,4547847,0,0,0,,,
City of Plymouth,17,112398,31287,0,0,0,0,0,,,
City of Portland,14,0,0,0,0,0,2832533,0,,,
"City of Pueblo, dba: Pueblo Transit",27,128767,33903,0,0,0,0,0,,,
"City of Racine, Wisconsin, dba: RYDE",37,264669,18031,0,0,0,0,41999,,,
"City of Raleigh, dba: GoRaleigh",262,0,0,0,739144,0,0,79863,,,
"City of Redondo Beach, dba: Beach Cities Transit",18,0,0,0,145048,0,0,0,,,
City of Riverside,15,0,454,0,56018,0,0,0,,,
"City of Rochester, Minnesota, dba: Rochester Public Transit",60,0,21886,0,0,0,0,3563,,,
"City of Rome , dba: City of Rome Transit Department",12,20316,50352,0,0,0,0,0,,,
City of San Luis Obispo,15,80590,940,0,0,0,0,0,,,
"City of Santa Clarita, dba: Santa Clarita Transit",88,56,24101,0,689447,0,0,0,,,
"City of Santa Fe, dba: Santa Fe Trails",29,3080,9451,0,184896,0,0,0,,,
"City of Santa Maria, dba: Santa Maria Area Transit",25,163154,37032,0,0,0,0,0,,,
"City of Santa Monica, dba: Big Blue Bus",143,0,0,0,1506524,0,0,258194,,,
City of Santa Rosa,31,0,31164,0,0,0,0,0,,,
"City of Scottsdale , dba: Scottsdale Trolley",12,63893,0,0,63977,0,0,0,,,
"City of Seattle, dba: Seattle Center Monorail",8,0,0,0,0,0,491162,0,,,
"City of Shreveport, dba: Shreveport Area Transit System",53,0,223942,0,274529,0,0,222103,,,
"City of Sioux City, dba: Sioux City Transit System",25,118857,27629,0,0,0,0,0,,,
"City of Springfield, dba: City Utilities of Springfield, MO",22,210145,20793,0,0,0,0,65840,,,
"City of Tallahassee, dba: StarMetro",123,357163,91914,0,154731,0,0,698851,,,
"City of Terre Haute , dba: Terre Haute Transit Utility",10,12568,54703,0,0,0,0,0,,,
"City of Torrance, dba: Torrance Transit System",74,0,20706,0,540783,0,0,0,,,
City of Tucson,265,0,505274,0,1129105,0,1741890,101112,,,
"City of Turlock, dba: Turlock Transit",13,0,19308,0,46903,0,0,0,,,
"City of Visalia  , dba: Visalia Transit",38,0,0,0,541712,0,0,464627,,,
"City of Waco, dba: Waco Transit System, Inc.",31,206516,39947,0,0,0,0,0,,,
"City of Waukesha , dba: Waukesha Metro Transit",32,210444,9464,0,0,0,0,0,,,
"City of Wichita , dba: Wichita Transit",65,257872,107903,0,0,0,0,461957,,,
"City of Williamsport, dba: River Valley Transit",31,36210,9329,0,185045,0,0,0,,,
"City of Wilsonville, dba: South Metro Area Regional Transit",19,25167,24966,0,19195,0,0,213262,,,
"City of Winston Salem, dba: Winston-Salem Transit Authority",58,398545,163453,0,0,0,0,0,,,
"City of Yakima, dba: Yakima Transit",44,175564,29718,0,0,0,0,0,,,
Clark County Public Transportation Benefit Area Authority,159,944563,29543,0,0,0,0,0,,,
"Cobb County, dba: CobbLinc",73,758639,20718,0,15156,0,0,0,,,
"Collier County, dba: Collier Area Transit",53,295618,141497,0,0,0,0,0,,,
Concho Valley Transit District,35,2412,194366,0,0,0,0,0,,,
Connecticut Department of Transportation,28,897870,0,0,0,0,1228448,0,,,
Connecticut Department of Transportation - CTTRANSIT - Hartford Division,229,2282756,0,0,0,0,0,0,,,
Connecticut Department of Transportation - CTTRANSIT New Haven Division,99,1113135,0,0,0,0,0,10656,,,
Connecticut Department of Transportation - CTTRANSIT Stamford Division,41,409099,0,0,0,0,0,0,,,
Connecticut Department of Transportation - CTTransit New Britain -Dattco.,25,103971,0,0,0,0,0,0,,,
Connecticut Department of Transportation -CTTRANSIT New Britain,13,237724,0,0,0,0,0,0,,,
Connecticut Department of Transportation- CTTransit Waterbury- NET,63,287996,89523,0,0,0,0,0,,,
Cooperative Alliance for Seacoast Transportation,23,54253,43504,0,0,0,0,0,,,
"Corpus Christi Regional Transportation Authority, dba: The B",117,96937,238576,0,687067,0,0,0,,,
"County Commissioners of Charles County, MD",30,0,281752,0,0,0,0,0,,,
County of Atlantic,33,4158,89271,0,0,0,0,0,,,
"County of Douglas, dba: Connect Douglas",16,0,65907,0,0,0,0,0,,,
"County of Fayette, dba: Fayette Area Coordinated Transportation",26,10665,122702,0,35281,0,0,0,,,
"County of Johnson, Iowa, dba: Johnson County SEATS",17,6063,61618,0,0,0,0,0,,,
County of Lackawanna Transit System,72,83283,83222,0,163207,0,0,0,,,
County of Lebanon Transit Authority,24,56176,40344,0,44966,0,0,0,,,
County of Maui,67,321839,156144,0,0,0,0,0,,,
"County of Miami-Dade , dba: Transportation & Public Work",1339,1874879,1516487,0,7080880,0,75860587,0,,,
"County of Nassau, dba: Nassau Inter County Express",319,33342,231637,0,2237326,0,0,0,,,
"County of Pierce, dba: Pierce County Ferry",2,194380,0,0,0,0,0,0,,,
"County of Placer, dba: Placer County Department of Public Works",45,36560,83362,0,275799,0,0,0,,,
"County of Rockland , dba: Public Transportation - Transport of Rockland",53,391733,86870,0,0,0,0,0,,,
"County of Sonoma , dba: Sonoma County Transit",45,0,74925,0,332093,0,0,55583,,,
"County of Volusia, dba: VOTRAN",147,607462,322545,14219,0,0,0,0,,,
"County of Washington, dba: Washington County Transit",36,62568,100664,0,0,0,0,0,,,
"Cumberland Dauphin-Harrisburg Transit Authority, dba: Capital Area Transit",115,0,173118,0,0,0,0,0,,,
DDOT - Progressive Transportation Services Administration,61,349839,0,0,0,0,1572969,1040748,,,
Dallas Area Rapid Transit,800,1460507,3518,0,7851380,0,117051226,250496,,,
DeCamp Bus Lines,14,214773,0,0,0,0,0,0,,,
Delaware County Transit Board,21,3584,77067,0,0,0,0,0,,,
Delaware Transit Corporation,528,1757611,42657,1399118,0,0,0,475248,,,
Denton County Transportation Authority,183,424401,256046,0,0,0,0,0,,,
Denver Regional Council of Governments,51,0,32432,0,0,0,0,0,,,
Denver Regional Transportation District,931,6000476,1144500,0,0,0,98673023,1134626,,,
Des Moines Area Regional Transit Authority,152,759289,50214,0,0,0,0,232176,,,
Detroit Transportation Corporation,4,0,0,0,0,0,1690960,0,,,
Duluth Transit Authority,61,0,27246,0,0,0,0,298264,,,
"Dutchess County, dba: Dutchess County Public Transit",47,261092,0,0,0,0,0,0,,,
East Central Iowa Council of Governments,21,0,11354,0,0,0,0,0,,,
"Enterprise Holdings, LLC",1,0,257,0,0,0,0,0,,,
Erie Metropolitan Transit Authority,78,161710,143107,0,279137,0,0,0,,,
"Escambia County Board of County Commissioners, FL, dba: Escambia County Area Transit Authority",86,246423,100210,0,0,0,0,0,,,
"Fairfax County, VA, dba: Fairfax Connector Bus System",284,2526972,0,0,0,0,0,0,,,
First Tennessee Human Resource Agency,49,0,152168,48138,0,0,0,0,,,
Foothill Transit,303,0,0,0,4638806,0,0,920976,,,
"Fort Bend County, Texas, dba: Fort Bend County Public Transportation",41,66600,159122,0,0,0,0,0,,,
Fort Wayne Public Transportation Corporation,40,0,25049,0,0,0,0,0,,,
"Fort Worth Transportation Authority, dba: Trinity Metro",392,615453,382721,0,2005956,0,0,195495,,,
"Frederick County, Maryland, dba: TransIT Services of Frederick County",36,105590,110505,0,0,0,0,212523,,,
Gary Public Transportation Corporation,22,116760,36582,0,0,0,0,0,,,
Gold Coast Transit District,71,0,19019,0,764499,0,0,860,,,
Golden Crescent Regional Planning Commission,35,9920,190662,0,0,0,0,0,,,
Golden Empire Transit District,91,0,33534,0,1326073,8478,0,0,,,
"Golden Gate Bridge, Highway and Transportation District",59,1707464,37131,0,0,0,0,0,,,
Great Falls Transit District,23,89312,17788,0,0,0,0,0,,,
Greater Attleboro-Taunton Regional Transit Authority,104,162648,219340,0,0,0,0,6689,,,
Greater Bridgeport Transit Authority,58,510885,5248,0,0,0,0,108587,,,
Greater Dayton Regional Transit Authority,123,837796,304876,0,0,0,3122973,0,,,
Greater Hartford Transit District,128,50660,544829,0,0,0,0,0,,,
"Greater Lafayette Public Transportation Corporation, dba: CityBus",55,57877,443,0,398384,0,0,0,,,
Greater Lynchburg Transit Company,18,205293,24958,0,0,0,0,0,,,
Greater New Haven Transit District,51,0,254935,0,0,0,0,0,,,
Greater Peoria Mass Transit District,77,0,115841,0,0,0,0,13400,,,
Greater Portland Transit District,30,211763,0,0,52999,0,0,50599,,,
Greater Richmond Transit Company,236,196967,65268,0,1678455,0,0,0,,,
Greater Roanoke Transit Company,41,302840,127234,0,0,0,0,0,,,
Green Mountain Transit Authority,134,293649,156455,0,0,0,0,45570,,,
"Greene County Transit Board, dba: Greene CATS Public Transit",18,0,86999,0,0,0,0,0,,,
"Greenville Transit Authority, dba: Greenlink",23,185825,25328,0,0,0,0,176009,,,
"Gwinnett County Board of Commissioners, dba: Ride Gwinnett",54,548850,40392,0,0,0,0,0,,,
"Hampton Jitney, Inc.",55,428924,0,0,0,0,0,0,,,
"Harris County, dba:  Community & Economic Development Department",33,14056,137046,0,0,0,0,0,,,
"Heart of Iowa Regional Transit Agency, dba: HIRTA",21,0,64591,0,0,0,0,0,,,
Hill Country Transit District,69,123246,164310,0,0,0,0,0,,,
Hillsborough Area Regional Transit Authority,174,716729,315380,0,1257863,0,870282,0,,,
Housatonic Area Regional Transit,43,136091,119060,0,0,0,0,0,,,
"Hudson Transit Lines, Inc.",74,944587,0,0,0,0,0,0,,,
"Hyannis Harbor Tours, Inc.",4,1445765,0,0,0,0,0,0,,,
Imperial County Transportation Commission,23,143615,87328,0,0,0,0,0,,,
Indian River County,27,112810,90597,0,0,0,0,0,,,
Indianapolis and Marion County Public Transportation,159,1366576,243950,0,0,0,0,3053309,,,
Intercity Transit,240,583748,137289,85100,0,0,0,0,,,
"Interurban Transit Partnership, dba: The Rapid",185,463370,43107,345145,1000422,0,0,0,,,
"JAUNT, Inc.",64,0,212701,0,0,0,0,206,,,
Jackson County Mass Transit District,19,3243,55297,0,0,0,0,0,,,
Jackson Transit Authority,17,87388,36524,0,0,0,0,0,,,
Jacksonville Transportation Authority,208,947760,541268,0,1350231,0,815770,29225,,,
"Jefferson Parish, dba: Jefferson Transit",48,0,0,110323,0,0,0,0,,,
"Johnson County Kansas, dba: Johnson County Transit",78,234799,55336,0,116586,0,0,0,,,
Kanawha Valley Regional Transportation Authority,44,312972,90030,0,0,0,0,0,,,
Kansas City Area Transportation Authority,212,524414,196088,0,1322148,0,0,6026,,,
"Kansas City, City of Missouri, dba: Kansas City Streetcar",4,0,0,0,0,0,987769,0,,,
Kentuckiana Regional Planning and Development Agency,30,0,26120,0,0,64,0,0,,,
"King County Department of Metro Transit, dba: King County Metro",2029,7309433,1094394,274670,0,0,16807624,970902,,,
Kings County Area Public Transit Agency,58,0,61631,0,217127,0,0,0,,,
Kitsap Transit,218,1184511,34984,200715,0,0,0,30244,,,
"Knoxville-Knox County Community Action Committee, dba: Knox County CAC Transit",30,0,151557,0,0,0,0,0,,,
"LINK Hendricks County, dba: Hendricks and Morgan County Connect",23,0,41082,0,0,0,0,0,,,
"Lafayette City-Parish Consolidated Government, dba: Lafayette Transit System",19,61257,22695,0,111847,0,0,0,,,
"Lake County Board of County Commissioners, dba: LakeXpress",33,110503,124663,0,0,0,0,0,,,
"Lake Erie Transportation Commission, dba: Lake Erie Transit",21,52303,3970,0,0,0,0,0,,,
Lakeland Area Mass Transit District,71,191263,135011,0,0,0,0,0,,,
"Lakeland Bus Lines, Inc.",36,293079,0,0,0,0,0,0,,,
Laketran,96,164800,80427,321051,0,0,0,756569,,,
Lane Transit District,120,659744,78324,0,0,0,0,632534,,,
"Laredo Transit Management, Inc., dba: El Metro",44,195189,54946,0,328187,0,0,0,,,
"Lee County Transit, dba: LeeTran",91,536893,144689,263608,0,0,0,0,,,
Lehigh and Northampton Transportation Authority,118,228448,173031,0,742296,0,0,0,,,
"Lexington Transit Authority, dba: Lextran",95,334672,200206,0,268042,0,0,80,,,
"Licking County, Ohio, dba: Licking County Transit Board",18,11,99756,0,0,0,0,0,,,
Livermore / Amador Valley Transit Authority,47,299474,0,0,0,0,0,0,,,
Long Beach Transit,144,0,779700,0,1127412,0,0,527196,,,
Loop Trolley Transportation Development District,1,0,0,0,0,0,117058,0,,,
"Los Angeles County Metropolitan Transportation Authority , dba: Metro",2509,0,977648,0,26998561,0,187734358,3635843,,,
"Loudoun County, dba: Loudoun County Transit",51,252071,218713,0,0,0,0,0,,,
Lowell Regional Transit Authority,78,222420,85776,0,0,0,0,0,,,
Lower Rio Grande Valley Development Council,35,171542,178384,0,0,0,0,0,,,
Luzerne County Transportation Authority,62,107214,118903,0,179645,0,0,0,,,
"M-1 Rail, dba: QLINE Detroit",4,0,0,0,0,0,2268532,0,,,
METRO Regional Transit Authority,182,238988,43238,0,815610,0,0,59032,,,
MTA Bus Company,1134,9476906,0,0,1147229,0,0,0,,,
MTA Long Island Rail Road,908,7310132,0,0,0,0,475664400,0,,,
MTA New York City Transit,10019,27958302,3570980,0,4824913,0,1552447460,618599,,,
Macatawa Area Express Transportation Authority,19,48485,60362,0,0,0,0,0,,,
Madison County Transit District,117,0,160040,0,0,0,0,0,,,
"Manatee County Board of County Commissioners, dba: Manatee County Area Transit",49,341739,48190,0,0,0,0,0,,,
Marin County Transit District,80,468544,169148,0,0,0,0,79229,,,
Martin County,11,100785,5679,0,0,0,0,0,,,
Maryland Transit Administration,1486,10297180,1372937,0,0,0,95702744,0,,,
Mass Transportation Authority,245,27126,183820,684856,697162,73,0,0,,,
Massachusetts Bay Transportation Authority,2018,19729538,1098290,0,1425801,0,209830786,192166,,,
McKinney Avenue Transit Authority,4,0,0,0,0,0,301900,0,,,
Mecklenburg County,88,0,63261,0,0,0,0,0,,,
Medina County Public Transit,23,541,60403,0,0,0,0,0,,,
Merrimack Valley Regional Transit Authority,61,351367,98387,0,0,0,0,0,,,
Metro Transit,507,147088,0,0,0,0,29732225,533094,,,
"Metro-North Commuter Railroad Company, dba: MTA Metro-North Railroad",1149,7117284,0,0,0,0,388728660,0,,,
MetroWest Regional Transit Authority,80,0,107712,0,123768,0,0,0,,,
Metropolitan Atlanta Rapid Transit Authority,812,1849221,1341057,0,4357955,0,78232957,26212,,,
Metropolitan Bus Authority,107,900501,70805,0,0,0,0,0,,,
Metropolitan Council,656,0,4173604,0,0,0,0,0,,,
"Metropolitan Evansville Transit System, dba: METS",26,210120,24116,0,0,0,0,0,,,
Metropolitan Transit Authority,239,1486901,481480,0,0,0,0,46944,,,
"Metropolitan Transit Authority of Harris County, Texas",1328,9097510,2409822,0,2154980,0,21545505,0,,,
Metropolitan Transportation Commission,442,0,500916,0,0,0,0,0,,,
Metropolitan Tulsa Transit Authority,78,38990,22098,0,718122,0,0,17732,,,
"Miami County, Ohio , dba: Miami County Public Transit",18,0,60225,0,0,0,0,0,,,
Michiana Area Council of Governments,18,97511,19117,0,0,0,0,0,,,
"Michigan Department of Transportation, dba: MichiVan",166,0,118291,0,0,0,0,0,,,
Mid Mon Valley Transit Authority,22,38481,0,0,186290,0,0,0,,,
Mid-Ohio Regional Planning Commission,19,0,14986,0,0,0,0,0,,,
Milford Transit District,11,54397,25533,0,0,0,0,0,,,
"Milwaukee County, dba: Milwaukee County Transit System",373,3256855,322007,0,0,0,0,0,,,
Minnesota Valley Transit Authority,91,0,78848,0,0,0,0,0,,,
"Missoula Urban Transportation District, dba: Mountain Line",32,111490,28806,0,0,0,0,192074,,,
Monroe County Transportation  Authority,28,34279,97411,0,39263,0,0,0,,,
Monsey New Square Trails Corporation,32,288710,0,0,0,0,0,0,,,
Montachusett Regional Transit Authority,493,85904,271415,0,0,0,0,0,,,
Monterey-Salinas Transit,88,477661,261963,0,0,0,0,116074,,,
"Montgomery County, Maryland, dba: Ride On, Montgomery County Transit",288,2217258,0,0,1282521,0,0,151920,,,
"Ms Coast Transportation Authority, dba: Coast Transit Authority",68,151257,40291,12247,0,0,0,8743,,,
Muncie Indiana Transit System,36,0,0,43584,0,0,0,0,,,
"Municipality of Anchorage, dba: Public Transportation",168,541551,234753,0,0,0,0,0,,,
Napa Valley Transportation Authority,46,203046,77977,0,35962,0,0,0,,,
Nebraska Department of Transportation,47,0,46868,0,0,0,0,0,,,
New Jersey Transit Corporation,3289,35585247,1805901,0,1257636,0,380816628,0,,,
New Mexico Department of Transportation,50,0,71200,0,0,0,0,0,,,
New Orleans Regional Transit Authority,161,134850,179356,0,0,0,2880880,0,,,
New York City Department of Transportation,13,4840205,0,0,0,0,0,0,,,
New York City Economic Development Corporation,28,3874929,0,0,0,0,0,0,,,
Niagara Frontier Transportation Authority,294,1051836,205940,0,1011134,0,8294444,0,,,
North Carolina State University,30,148388,0,0,0,0,0,0,,,
"North Central Alabama Regional Council of Governments, dba: NARCOG Regional Transit Agency",28,0,33458,0,0,0,0,0,,,
North County Transit District,231,1280613,127190,0,1533737,0,0,0,,,
"North Front Range Transportation and Air Quality Planning Council, dba: North Front Range MPO / VanGo",32,0,17333,0,0,0,0,0,,,
"Northeast Illinois Regional Commuter Railroad Corporation, dba: Metra",889,47744782,0,0,0,0,62373926,0,,,
"Northern Arizona Intergovernmental Public Transportation Authority, dba: Mountain Line public transit",29,190628,15344,0,0,0,0,0,,,
Northern Indiana Commuter Transportation District,70,0,0,0,0,0,13144250,0,,,
Northern New England Passenger Rail Authority,21,870101,0,0,0,0,0,0,,,
Northwest Alabama Council of Local Governments,28,288,45367,0,0,0,0,0,,,
Norwalk Transit District,57,159833,94799,0,0,0,0,0,,,
Ohio Valley Regional Transportation Authority,17,127628,23992,0,0,0,0,0,,,
"Okaloosa County Board of County Commissioners, dba: Emerald Coast Rider",42,1863,101066,0,0,0,0,0,,,
Omnitrans,143,0,1423,0,2132128,0,0,0,,,
Orange County Transportation Authority,739,0,1139493,0,6050962,37463,0,27519,,,
"Orange-Newark-Elizabeth, Inc.",34,221969,0,0,0,0,0,0,,,
"Ozaukee County , dba: Ozaukee County Transit Services",31,27900,66304,0,0,0,0,0,,,
Pace - Suburban Bus Division,1012,4099995,712338,0,1198877,0,0,0,,,
"Pace-Suburban Bus Division, ADA Paratransit Services",1015,393,2385210,0,0,0,0,0,,,
"Paratransit, Inc.",18,0,723,0,56575,0,0,0,,,
"Pasco County Board of County Commissioners, dba: Pasco County Public Transportation",42,313567,72142,0,0,0,0,0,,,
"Peninsula Corridor Joint Powers Board, dba: Caltrain",85,4118068,0,0,0,0,0,0,,,
Pennsylvania Department of Transportation,20,0,0,0,0,0,13608394,0,,,
Piedmont Authority for Regional Transportation,44,183861,79146,0,0,0,0,0,,,
Pierce County Transportation Benefit Area Authority,382,87965,460066,0,1086738,0,0,236326,,,
Pima Association of Governments,13,0,9357,0,0,0,0,0,,,
Pinellas Suncoast Transit Authority,270,2142243,186593,0,0,0,0,170577,,,
Pioneer Valley Transit Authority,209,1107991,292408,0,0,0,0,215746,,,
Plaquemines Port Harbor Terminal District,2,254000,0,0,0,0,0,0,,,
Pomona Valley Transportation Authority,27,0,43453,0,0,0,0,0,,,
Port Authority Trans-Hudson Corporation,274,0,0,0,0,0,93339968,0,,,
Port Authority Transit Corporation,60,0,0,0,0,0,40007603,0,,,
Port Authority of Allegheny County,823,6002456,888006,0,0,0,29281820,214543,,,
"Port Imperial Ferry Corporation, dba: NY Waterway",36,2007927,0,0,0,0,0,0,,,
Portage Area Regional Transportation Authority,43,101677,89947,0,33659,0,0,0,,,
Potomac and Rappahannock Transportation Commission,380,1093231,255574,0,0,0,0,0,,,
"Prince George's County, Maryland, dba: Prince George's County Transit",93,845985,93432,14777,0,0,0,0,,,
Private Transportation Corporation,6,0,0,0,0,0,0,0,,,
Puerto Rico Highway and Transportation Authority – Público,370,26166,381105,0,0,0,0,0,,,
Puerto Rico Maritime Transport Authority,13,1609541,0,0,0,0,0,0,,,
"Putnam County , dba: Putnam Area Rapid Transit",13,0,71503,0,0,0,0,0,,,
Redding Area Bus Authority,21,134802,45800,0,0,0,0,7378,,,
Regional Planning Commission of Greater Birmingham,26,0,32451,0,0,0,0,0,,,
"Regional Public Transportation Authority, dba: Valley Metro",661,603422,596622,0,3063989,106321,0,0,,,
"Regional Transit Service - Monroe County, dba: RTS Monroe (MB) and RTS Access (DR)",240,1077766,348033,0,0,0,0,316588,,,
Regional Transportation Authority,27,257025,6108,0,0,0,0,0,,,
Regional Transportation Commission of Southern Nevada,577,0,0,0,8167000,0,0,0,,,
Regional Transportation Commission of Washoe County,421,0,255567,0,148706,0,0,1183636,,,
"Research Triangle Regional Public Transportation Authority, dba: GoTriangle",80,525648,88589,0,0,0,0,51841,,,
Rhode Island Department of Transportation,1,130831,0,0,0,0,0,0,,,
Rhode Island Public Transit Authority,286,2282552,33276,0,0,0,0,40597,,,
"Ride Connection, Inc.",60,0,62827,0,0,0,0,675,,,
Rides Mass Transit District,116,156938,272608,0,0,30290,0,0,,,
Rio Metro Regional Transit District,61,43700,85463,0,0,0,0,0,,,
River Bend Transit,35,0,154221,0,0,0,0,0,,,
River Valley Metro Mass Transit District,17,61034,160670,0,0,0,0,0,,,
RiverCities Transit,21,0,15747,18968,0,0,0,0,,,
Riverside County Transportation Commission,33,0,37985,0,0,0,0,0,,,
Riverside Transit Agency,186,0,250060,0,2117361,0,0,0,,,
Rock Island County Metropolitan Mass Transit District,62,35920,47779,0,523332,0,0,192714,,,
Rock Region Metropolitan Transit Authority,83,60411,167109,0,428043,0,251820,0,,,
Rockford Mass Transit District,49,316219,99282,0,0,0,0,0,,,
"Rockland Coaches, Inc.",33,283362,0,0,0,0,0,0,,,
Rogue Valley Transportation District,45,30614,34453,0,231869,0,0,0,,,
STAR Transit,52,0,211703,0,0,0,0,0,,,
"Sacramento Regional Transit District, dba: Sacramento RT",367,13592,588951,0,3390905,0,26971511,248377,,,
Saginaw Transit Authority Regional Service,56,162604,24218,0,0,0,0,0,,,
"Salem Area Mass Transit District, dba: Salem-Keizer Transit or Cherriots",149,206648,119329,0,348127,0,0,0,,,
San Bernardino County Transportation Authority,57,0,60156,0,0,0,0,0,,,
"San Diego Association of Governments, dba: SANDAG",391,0,478814,0,0,0,0,68075,,,
San Diego Metropolitan Transit System,728,0,75746,784951,7176335,0,56896708,455773,,,
San Francisco Bay Area Rapid Transit District,580,0,0,0,0,0,281734585,0,,,
"San Francisco Bay Area Water Emergency Transportation Authority, dba: San Francisco Bay Ferry",11,3609188,0,0,0,0,0,0,,,
San Joaquin Council,360,0,391661,0,0,0,0,0,,,
San Joaquin Regional Transit District,115,356213,46526,0,0,0,0,701220,,,
San Luis Obispo Regional Transit Authority,41,231741,62339,0,0,0,0,0,,,
San Mateo County Transit District,312,1925545,181822,0,0,0,0,0,,,
Santa Barbara Metropolitan Transit District,80,527900,0,0,0,0,0,153040,,,
Santa Clara Valley Transportation Authority,496,3853776,350095,51314,0,0,14045933,95613,,,
Santa Cruz Metropolitan Transit District,86,136385,63773,0,510058,0,0,54677,,,
Santee Wateree Regional Transportation Authority,43,6037,61904,12751,0,0,0,0,,,
"Sarasota County , dba: Sarasota County Area Transit",107,438736,275188,0,0,0,0,0,,,
"SeaStreak, LLC",7,1701973,0,0,0,0,0,0,,,
"Senior Citizens United Community Services of Camden County, Inc.",47,156,93908,0,0,0,0,0,,,
Skagit Transit,69,249126,30297,85292,0,0,0,0,,,
Snohomish County Public Transportation Benefit Area Corporation,481,2133600,256481,4237,0,0,0,0,,,
Solano County Transit,31,118221,24485,0,229539,0,0,17567,,,
"Somerset County, dba: Somerset County Transportation",57,21287,166575,0,0,0,0,0,,,
Sonoma-Marin Area Rail Transit District,10,224373,0,0,0,0,0,0,,,
South Bend Public Transportation Corporation,56,0,49471,0,275721,0,0,0,,,
South Central Transit Authority,163,0,386527,0,0,0,0,0,,,
South Florida Regional Transportation Authority,45,2763467,0,0,0,0,0,0,,,
SouthWest Transit,42,201800,65009,0,0,0,0,17529,,,
Southeast Area Transit District,29,192195,35369,0,0,0,0,0,,,
Southeastern Pennsylvania Transportation Authority,1962,10583882,782842,0,0,0,326147560,0,,,
Southeastern Regional Transit Authority,73,370729,103392,0,0,0,0,0,,,
"Southern California Regional Rail Authority, dba: Metrolink",195,3255144,0,0,0,0,0,0,,,
"Southwest Ohio Regional Transit Authority, dba: Metro / Access",321,2684361,0,0,0,0,0,0,,,
Southwestern Pennsylvania Commission,11,0,6813,0,0,0,0,0,,,
"Spartanburg Regional Health Services, Inc.",26,0,135848,258,0,0,0,0,,,
Spokane Transit Authority,279,1442315,160768,260,0,0,0,253079,,,
"Springfield Mass Transit District, dba: Sangamon Mass Transit District",63,0,93606,0,226662,0,0,0,,,
"St. Cloud Metropolitan Transit Commission, dba: Metro Bus",46,32655,0,0,354357,0,0,0,,,
Stanislaus Regional Transit Authority,100,531063,53712,0,179550,0,0,142560,,,
Stark Area Regional Transit Authority,66,191100,0,0,381985,40845,0,0,,,
"Staten Island Rapid Transit Operating Authority, dba:  MTA Staten Island Railway",44,0,0,0,0,0,24803444,0,,,
"Su Tran LLC , dba: Sioux Area Metro",31,135498,19332,0,0,0,0,0,,,
Suburban Mobility Authority for Regional Transportation,269,1817594,687,629092,0,0,0,0,,,
Suburban Transit Corporation,34,772193,0,0,0,0,0,0,,,
"Suffolk County , dba: Dept of Public Works - Transportation Division",255,1084223,1378656,0,0,0,0,0,,,
SunLine Transit Agency,95,7928,11870,0,1171425,75398,0,202556,,,
Tahoe Transportation District,13,63495,1279,0,0,0,0,0,,,
Tampa Bay Area Regional Transit Authority,189,0,126175,0,0,0,0,0,,,
Texas State University,38,202635,0,0,0,0,0,0,,,
"Texoma Area Paratransit System, Inc",14,0,57973,0,0,0,0,0,,,
"The Eastern Contra Costa Transit Authority, dba: Tri Delta Transit",91,508042,114982,0,0,0,0,91839,,,
The Greater Cleveland Regional Transit Authority,375,972736,535906,76446,2516791,0,28613425,0,,,
The Transportation Management Association Group,38,0,40225,0,0,0,0,0,,,
The Tri-County Council for the Lower Eastern Shore of Maryland,32,3578,137383,148307,0,0,0,0,,,
The Tri-State Transit Authority,33,174923,46828,0,0,0,0,0,,,
The Woodlands Township,29,185692,0,34620,0,0,0,0,,,
Toledo Area Regional Transit Authority,126,609283,0,0,0,0,0,0,,,
Tompkins Consolidated Area Transit,48,310801,54399,0,0,0,0,186344,,,
Topeka Metropolitan Transit Authority,34,173770,20481,0,0,0,0,0,,,
"Town of Blacksburg, dba: Blacksburg Transit",41,243455,20281,0,0,0,0,119732,,,
"Town of Chapel Hill, dba: Chapel Hill Transit",88,411089,61300,0,0,0,0,19057,,,
"Town of Huntington, dba: Huntington Area Rapid Transit",18,21033,60911,0,0,0,0,0,,,
"Trans-Bridge Lines, Inc.",16,0,0,0,0,0,0,0,,,
"Transit Authority of Central Kentucky, dba: TACK Transit",34,0,130111,0,0,0,0,8440,,,
Transit Authority of Northern Kentucky,121,662452,106581,0,0,0,0,0,,,
Transit Authority of Omaha,100,260563,73047,0,473440,0,0,110120,,,
Transit Authority of River City,300,1409286,151267,0,0,0,0,141567,,,
"Transit Joint Powers Authority for Merced County, dba: Merced The Bus",50,230496,153212,0,0,0,0,0,,,
"Transit Management of Central Maryland, Inc.",50,240500,201502,0,0,0,0,77567,,,
"Transportation District Commission of Hampton Roads, dba: Hampton Roads Transit",348,2028909,442843,0,0,0,3291138,1576400,,,
Tri-County Metropolitan Transportation District of Oregon,753,130094,0,0,0,0,50161343,582556,,,
Tulare County Regional Transit Agency,17,0,12280,0,90243,0,0,0,,,
Ulster County,30,62400,54300,0,0,0,0,63461,,,
"University of California, Davis, dba: ASUCD-Unitrans",25,0,1324,0,184886,0,0,0,,,
"University of Georgia, dba: University of Georgia Transit System",66,60683,5808,0,0,0,0,728450,,,
University of Iowa,28,166023,2268,0,0,0,0,0,,,
"University of Kansas, dba: KU Transportation Services",18,46497,0,0,0,0,0,0,,,
University of Michigan Parking and Transportation Services,46,305323,0,0,0,0,0,0,,,
University of Minnesota Transit,22,112491,19758,0,0,0,0,0,,,
"University of Montana, dba: UDASH",3,8482,0,0,0,0,0,80000,,,
Utah Transit Authority,1063,5643137,974542,0,353485,0,43863100,185435,,,
VIA Metropolitan Transit,873,379353,853253,783212,5288837,0,0,0,,,
"Valley Metro Rail, Inc.",35,0,0,0,0,0,20606809,0,,,
Valley Regional Transit,70,32,4841,0,456699,0,0,57915,,,
Valley Transit District,12,0,36674,0,0,0,0,0,,,
Ventura County Transportation Commission,45,268248,35911,0,0,0,0,0,,,
Via Mobility Services,55,0,122968,0,3106,0,0,87917,,,
Victor Valley Transit Authority,258,0,271379,0,849290,0,0,456345,,,
Virginia Railway Express,99,1488786,0,0,0,0,0,0,,,
"Wake County, dba: Wake County DSS",38,0,168075,0,0,0,0,0,,,
"Washington County Transportation Authority, dba: Freedom Transit",48,55152,172951,0,0,0,0,0,,,
Washington Metropolitan Area Transit Authority,2807,7351971,1812002,0,3965272,0,438160464,17194,,,
Washington State Ferries,17,13457375,0,0,0,0,0,0,,,
West Virginia University - Morgantown Personal Rapid Transit,48,0,0,0,0,0,958672,0,,,
"Westchester County, dba: The Bee-Line System",366,2333427,288382,0,0,0,0,21490,,,
Western Contra Costa Transit Authority,32,310204,22083,0,0,0,0,0,,,
"Western Maine Transportation Services, Inc.",41,33410,48371,0,0,0,0,0,,,
"Western Piedmont Regional Transit Authority , dba: dba: Greenway Public Transportation",53,49803,73954,0,0,0,0,0,,,
Western Reserve Transit Authority,54,309182,91134,0,0,0,0,0,,,
"Westmoreland County , dba: Westmoreland County Transit Authority",73,86574,202038,0,157805,0,0,0,,,
Whatcom Transportation Authority,96,423421,93145,97322,0,0,0,70814,,,
Williamsburg Area Transit Authority,15,140007,20632,0,0,0,0,0,,,
"Woods Hole, Martha's Vineyard and Nantucket Steamship Authority",22,3434859,10518,0,0,0,0,0,,,
Worcester Regional Transit Authority,99,388637,123143,0,0,0,0,0,,,
Yolo County Transportation District,42,81727,6485,0,632105,0,0,173062,,,
Yuba-Sutter Transit Authority,32,183961,27519,0,0,0,0,0,,,
Yuma County Intergovernmental Public Transportation Authority,55,116665,78435,0,0,0,0,0,,,
,# of Vehicles,Diesel (gal),Gasoline (gal),Liquefied Petroleum Gas (gal equivalent),Compressed Natural Gas (gal equivalent),Other Fuel (gal equivalent),Electric Propulsion (kWh),Electric Battery (kWh),,,
,93852,452371818,82297855,8480840,172177278,659520,5888007630,49684761,,,
,,4820.055172,876.8897306,90.36397733,1834.561629,7.027234369,62737.15669,529.3948025,,,
,,,,,,,,,,,
,,"$2,796,083,471.28",,,,,,,,,
,,"$3,246,261,013.38",,,Diesel (gal),Gasoline (gal),Liquefied Petroleum Gas (gal equivalent),Compressed Natural Gas (gal equivalent),Other Fuel (gal equivalent),Electric Propulsion (kWh),Electric Battery (kWh)
,,,,,382371818,78297855,8080840,122177278,729520,6088007630,55684761
,,,,,,,,,,,
,,,,,,,,,,,
,,,,,,,,,,,
,,,,,,,,,,,
,,,,,,,,,,,
,,,,,,,,,,,
,,,,,,,,,,,
,,,,,,,,,,,
,,"2,796,083,471.28",,,,,,,,,